"scale","year","cy","n","mean","sd","se"
"Wellbeing (8-56)","2026","1st yr",118,45.7094430992736,7.71729087676986,0.710434210009263
"Wellbeing (8-56)","2026","2nd yr",97,46.9175257731959,7.75761736280969,0.787666703990279
"Wellbeing (8-56)","2026","3rd yr",119,45.7671068427371,7.99335735865092,0.732749867688469
"Wellbeing (8-56)","2026","4th yr",105,46.0285714285714,9.45887570857814,0.923091749401252
"Wellbeing (8-56)","2026","Master's",122,46.1229508196721,7.61531500501854,0.689458225328139
"Wellbeing (8-56)","2026","Doctoral",107,45.7383177570093,8.23514838005207,0.796121843170162
"Distress (0-24)","2026","1st yr",118,7.58474576271186,5.08782066955786,0.468371856881342
"Distress (0-24)","2026","2nd yr",98,7.37551020408163,4.97210903879925,0.502258859733411
"Distress (0-24)","2026","3rd yr",119,7.90084033613445,4.98035965957261,0.456548821459014
"Distress (0-24)","2026","4th yr",105,7.48952380952381,4.5550463100222,0.444527002623461
"Distress (0-24)","2026","Master's",122,8.10819672131148,5.0691187909096,0.45893645151315
"Distress (0-24)","2026","Doctoral",107,7.24299065420561,4.47390994733834,0.432509199479634
"Loneliness (3-9)","2026","1st yr",118,5.53389830508475,1.93784708891004,0.178393284341874
"Loneliness (3-9)","2026","2nd yr",97,5.21649484536082,1.87764704330819,0.190646172489745
"Loneliness (3-9)","2026","3rd yr",119,5.20168067226891,1.63944922506689,0.150288064057288
"Loneliness (3-9)","2026","4th yr",105,5.14285714285714,1.85756546332813,0.18127982711686
"Loneliness (3-9)","2026","Master's",121,5.16528925619835,1.83642364138387,0.16694760376217
"Loneliness (3-9)","2026","Doctoral",106,4.95283018867925,1.79088738563661,0.17394635987428
"Belonging (4-24)","2026","1st yr",118,18.9406779661017,3.17654968676736,0.29242510141309
"Belonging (4-24)","2026","2nd yr",96,18.8958333333333,2.86716132003201,0.292628426846796
"Belonging (4-24)","2026","3rd yr",117,18.3247863247863,3.85027777732594,0.355958306434056
"Belonging (4-24)","2026","4th yr",105,17.8666666666667,4.30578025330411,0.420201126329983
"Belonging (4-24)","2026","Master's",121,18.7685950413223,3.31350853974684,0.301228049067894
"Belonging (4-24)","2026","Doctoral",107,17.8785046728972,4.11557162717091,0.397867326526715
"Safety (4-16)","2026","1st yr",112,13.7053571428571,1.70657653649154,0.161256325316235
"Safety (4-16)","2026","2nd yr",94,13.3510638297872,1.87058410064941,0.19293601843237
"Safety (4-16)","2026","3rd yr",113,12.8938053097345,2.07606612825799,0.195299873099663
"Safety (4-16)","2026","4th yr",99,12.969696969697,1.62540133477008,0.163358980641673
"Safety (4-16)","2026","Master's",73,13.4520547945205,2.12158939300502,0.24831325643645
"Safety (4-16)","2026","Doctoral",88,13.5681818181818,2.00456636492528,0.213687492492216
"Resilience (0-8)","2026","1st yr",116,6.11206896551724,1.34339965709414,0.124731526815516
"Resilience (0-8)","2026","2nd yr",98,6.16326530612245,1.55114774633137,0.156689584293306
"Resilience (0-8)","2026","3rd yr",118,6.10169491525424,1.51567214791785,0.139528930842861
"Resilience (0-8)","2026","4th yr",104,6.16346153846154,1.38023901773539,0.135343570862594
"Resilience (0-8)","2026","Master's",122,6.19672131147541,1.60906186035564,0.145677615955861
"Resilience (0-8)","2026","Doctoral",106,6.20754716981132,1.55359479384687,0.150898465909531
