"scale","term","F","p","n","r2","p_adj"
"Wellbeing (8-56)","cy",1.21695658902414,0.294404080562228,1870,0.0092489723083449,0.407799658990627
"Wellbeing (8-56)","year",2.18186287132951,0.113121248557991,1870,0.0092489723083449,0.203618247404385
"Wellbeing (8-56)","cy:year",0.561420162662979,0.846286642769542,1870,0.0092489723083449,0.871135753717831
"Distress (0-24)","cy",4.06000882131103,0.000474297649820686,1870,0.0274792185344984,0.00142289294946206
"Distress (0-24)","year",4.06276972316301,0.017354935610219,1870,0.0274792185344984,0.0390486051229928
"Distress (0-24)","cy:year",1.9815638074281,0.0316788479937686,1870,0.0274792185344984,0.0633576959875372
"Loneliness (3-9)","cy",4.91899160436425,5.3094298001611e-05,1865,0.0283244585095664,0.0001911394728058
"Loneliness (3-9)","year",6.78973611094627,0.00115358047570184,1865,0.0283244585095664,0.00296634979466186
"Loneliness (3-9)","cy:year",1.07176994326517,0.380566511243889,1865,0.0283244585095664,0.489299800170714
"Belonging (4-24)","cy",5.21260848567741,2.48447372852687e-05,1853,0.0425594749082988,0.000111801317783709
"Belonging (4-24)","year",22.4820211430512,2.2591791769899e-10,1853,0.0425594749082988,2.03326125929091e-09
"Belonging (4-24)","cy:year",0.528398888373514,0.871135753717831,1853,0.0425594749082988,0.871135753717831
"Safety (4-16)","cy",7.20999736363069,1.28735688594299e-07,1772,0.103102156718929,7.72414131565793e-07
"Safety (4-16)","year",73.1325869354488,3.12296297549374e-31,1772,0.103102156718929,5.62133335588872e-30
"Safety (4-16)","cy:year",1.19895206615646,0.286670009664132,1772,0.103102156718929,0.407799658990627
"Resilience (0-8)","cy",1.21673393278266,0.294521975937675,1862,0.00884929110154812,0.407799658990627
"Resilience (0-8)","year",0.712163051318075,0.490716847704207,1862,0.00884929110154812,0.588860217245049
"Resilience (0-8)","cy:year",0.773012762330355,0.655123969528532,1862,0.00884929110154812,0.737014465719598
